dataset1,dataset2,psi
train,test,0.002314880898372775
train,validation,0.011107848531883192
test,validation,0.014698031715776456
