dataset,ks,p-value
train,0.9941234660696717,0.0
test,0.9139698616600791,1.4237538253662206e-48
validation,0.9965870307167235,3.5056119507057065e-43
