dataset,ks,p-value
train,0.9969896465440062,0.0
test,0.9529397233201581,1.0493380044795053e-55
validation,0.9965870307167235,3.5056119507057065e-43
