Metric,Value
ROC AUC,0.9997866894197953
Precision Recall AUC,0.9980459203934506
Average Precision,0.9980764678030303
Log Loss (Cross Entropy),0.03755507505964488
Brier Score Loss,0.008925186147842516
