Metric,Value
ROC AUC,0.997838438735178
Precision Recall AUC,0.9923739781133929
Average Precision,0.9924275470705455
Log Loss (Cross Entropy),0.060831215949097434
Brier Score Loss,0.016598089160063594
