Metric,Value
ROC AUC,0.9999767811302946
Precision Recall AUC,0.9999275367577625
Average Precision,0.9999275838447252
Log Loss (Cross Entropy),0.016640007764583787
Brier Score Loss,0.002584097735320457
